{"cameraMode":{"drawMode":0,"name":"Shaded","section":"Shading Mode"},"sceneLighting":true,"audioPlay":false,"sceneViewState":{"showFog":true,"showMaterialUpdate":false,"showSkybox":true,"showFlares":true,"showImageEffects":true,"showParticleSystems":true},"in2DMode":false,"pivot":{"x":0.45787203311920168,"y":0.6306922435760498,"z":-0.537987232208252},"rotation":{"x":0.0006454469985328615,"y":0.9908962845802307,"z":-0.1345897763967514,"w":0.004753139801323414},"size":2.4880266189575197,"orthographic":false}