{"cameraMode":{"drawMode":0,"name":"Shaded","section":"Shading Mode"},"sceneLighting":false,"audioPlay":false,"sceneViewState":{"showFog":true,"showMaterialUpdate":false,"showSkybox":false,"showFlares":true,"showImageEffects":true,"showParticleSystems":true},"in2DMode":false,"pivot":{"x":-56.90625,"y":-8.813251495361329,"z":313.6106262207031},"rotation":{"x":0.03597119078040123,"y":-0.885247528553009,"z":0.4585069417953491,"w":0.06945443898439408},"size":16.701183319091798,"orthographic":true}